Cement (kg/m3),Water (kg/m3),Sand (kg/m3),Superplasticizer (kg/m3),OPS (kg/m3),OPBC (kg/m3),Curing_FW,Curing_AC,Curing_2W,Curing_5W,Curing_7W,Curing_2T2D,Curing_2T6D,Curing_PS,Age (Days),Compressive Strength (MPa)
480,173,890,4.8,360,0,1,0,0,0,0,0,0,0,1,22.14
480,173,890,4.8,360,0,1,0,0,0,0,0,0,0,1,22.15
480,173,890,4.8,360,0,1,0,0,0,0,0,0,0,3,29.57
480,173,890,4.8,360,0,1,0,0,0,0,0,0,0,3,30.88
480,173,890,4.8,360,0,1,0,0,0,0,0,0,0,3,31.63
480,173,890,4.8,360,0,1,0,0,0,0,0,0,0,7,35.1
480,173,890,4.8,360,0,1,0,0,0,0,0,0,0,7,34.01
480,173,890,4.8,360,0,1,0,0,0,0,0,0,0,7,34.86
480,173,890,4.8,360,0,1,0,0,0,0,0,0,0,28,36.1
480,173,890,4.8,360,0,1,0,0,0,0,0,0,0,28,35.91
480,173,890,4.8,360,0,1,0,0,0,0,0,0,0,28,36.03
480,173,890,4.8,360,0,1,0,0,0,0,0,0,0,56,38.21
480,173,890,4.8,360,0,1,0,0,0,0,0,0,0,56,38.73
480,173,890,4.8,360,0,0,1,0,0,0,0,0,0,28,26.65
480,173,890,4.8,360,0,0,1,0,0,0,0,0,0,28,26.85
480,173,890,4.8,360,0,0,1,0,0,0,0,0,0,28,27.19
480,173,890,4.8,360,0,0,1,0,0,0,0,0,0,28,27.31
480,173,890,4.8,360,0,0,0,1,0,0,0,0,0,28,29.41
480,173,890,4.8,360,0,0,0,1,0,0,0,0,0,28,28.96
480,173,890,4.8,360,0,0,0,1,0,0,0,0,0,28,28.22
480,173,890,4.8,360,0,0,0,1,0,0,0,0,0,28,31.73
480,173,890,4.8,360,0,0,0,0,1,0,0,0,0,28,31.71
480,173,890,4.8,360,0,0,0,0,1,0,0,0,0,28,31.89
480,173,890,4.8,360,0,0,0,0,1,0,0,0,0,28,29.7
480,173,890,4.8,360,0,0,0,0,1,0,0,0,0,28,30.81
480,173,890,4.8,360,0,0,0,0,0,1,0,0,0,28,32.06
480,173,890,4.8,360,0,0,0,0,0,1,0,0,0,28,32.28
480,173,890,4.8,360,0,0,0,0,0,1,0,0,0,28,32
480,173,890,4.8,360,0,0,0,0,0,1,0,0,0,28,31.98
480,173,890,4.8,360,0,0,0,0,0,0,1,0,0,28,30.71
480,173,890,4.8,360,0,0,0,0,0,0,1,0,0,28,31.77
480,173,890,4.8,360,0,0,0,0,0,0,1,0,0,28,30.93
480,173,890,4.8,360,0,0,0,0,0,0,1,0,0,28,29.93
480,173,890,4.8,360,0,0,0,0,0,0,0,1,0,28,27.44
480,173,890,4.8,360,0,0,0,0,0,0,0,1,0,28,26.72
480,173,890,4.8,360,0,0,0,0,0,0,0,1,0,28,26.69
480,173,890,4.8,360,0,0,0,0,0,0,0,1,0,28,28.81
480,173,890,4.8,360,0,0,0,0,0,0,0,0,1,28,31.92
480,173,890,4.8,360,0,0,0,0,0,0,0,0,1,28,31.68
480,173,890,4.8,360,0,0,0,0,0,0,0,0,1,28,34.25
480,173,890,4.8,360,0,0,0,0,0,0,0,0,1,28,33.12
480,173,890,4.8,324,51,1,0,0,0,0,0,0,0,1,21.77
480,173,890,4.8,324,51,1,0,0,0,0,0,0,0,1,20.44
480,173,890,4.8,324,51,1,0,0,0,0,0,0,0,3,32.42
480,173,890,4.8,324,51,1,0,0,0,0,0,0,0,3,30
480,173,890,4.8,324,51,1,0,0,0,0,0,0,0,3,30.3
480,173,890,4.8,324,51,1,0,0,0,0,0,0,0,7,34.84
480,173,890,4.8,324,51,1,0,0,0,0,0,0,0,7,34.97
480,173,890,4.8,324,51,1,0,0,0,0,0,0,0,7,34.89
480,173,890,4.8,324,51,1,0,0,0,0,0,0,0,28,36.3
480,173,890,4.8,324,51,1,0,0,0,0,0,0,0,28,37.76
480,173,890,4.8,324,51,1,0,0,0,0,0,0,0,28,37.11
480,173,890,4.8,324,51,1,0,0,0,0,0,0,0,56,38.87
480,173,890,4.8,324,51,1,0,0,0,0,0,0,0,56,39.57
480,173,890,4.8,324,51,1,0,0,0,0,0,0,0,56,38.91
480,173,890,4.8,324,51,0,1,0,0,0,0,0,0,28,34.53
480,173,890,4.8,324,51,0,1,0,0,0,0,0,0,28,33.51
480,173,890,4.8,324,51,0,1,0,0,0,0,0,0,28,29.81
480,173,890,4.8,324,51,0,1,0,0,0,0,0,0,28,36.05
480,173,890,4.8,324,51,0,0,1,0,0,0,0,0,28,36.69
480,173,890,4.8,324,51,0,0,1,0,0,0,0,0,28,36.84
480,173,890,4.8,324,51,0,0,1,0,0,0,0,0,28,37.68
480,173,890,4.8,324,51,0,0,1,0,0,0,0,0,28,36.2
480,173,890,4.8,324,51,0,0,0,1,0,0,0,0,28,34.73
480,173,890,4.8,324,51,0,0,0,1,0,0,0,0,28,36.34
480,173,890,4.8,324,51,0,0,0,1,0,0,0,0,28,38.62
480,173,890,4.8,324,51,0,0,0,1,0,0,0,0,28,37.3
480,173,890,4.8,324,51,0,0,0,0,1,0,0,0,28,33.5
480,173,890,4.8,324,51,0,0,0,0,1,0,0,0,28,35.3
480,173,890,4.8,324,51,0,0,0,0,1,0,0,0,28,34.9
480,173,890,4.8,324,51,0,0,0,0,1,0,0,0,28,31.83
480,173,890,4.8,324,51,0,0,0,0,0,1,0,0,28,37.78
480,173,890,4.8,324,51,0,0,0,0,0,1,0,0,28,35.65
480,173,890,4.8,324,51,0,0,0,0,0,1,0,0,28,36.75
480,173,890,4.8,324,51,0,0,0,0,0,1,0,0,28,38.88
480,173,890,4.8,324,51,0,0,0,0,0,0,1,0,28,38.85
480,173,890,4.8,324,51,0,0,0,0,0,0,1,0,28,39.11
480,173,890,4.8,324,51,0,0,0,0,0,0,1,0,28,37.38
480,173,890,4.8,324,51,0,0,0,0,0,0,1,0,28,37.68
480,173,890,4.8,324,51,0,0,0,0,0,0,0,1,28,37.45
480,173,890,4.8,324,51,0,0,0,0,0,0,0,1,28,37.93
480,173,890,4.8,324,51,0,0,0,0,0,0,0,1,28,35.37
480,173,890,4.8,324,51,0,0,0,0,0,0,0,1,28,39.67
480,173,890,4.8,288,102,1,0,0,0,0,0,0,0,1,21.2
480,173,890,4.8,288,102,1,0,0,0,0,0,0,0,1,21.6
480,173,890,4.8,288,102,1,0,0,0,0,0,0,0,3,33.77
480,173,890,4.8,288,102,1,0,0,0,0,0,0,0,3,32.6
480,173,890,4.8,288,102,1,0,0,0,0,0,0,0,3,32.78
480,173,890,4.8,288,102,1,0,0,0,0,0,0,0,7,36.84
480,173,890,4.8,288,102,1,0,0,0,0,0,0,0,7,35.91
480,173,890,4.8,288,102,1,0,0,0,0,0,0,0,7,37.09
480,173,890,4.8,288,102,1,0,0,0,0,0,0,0,28,40.18
480,173,890,4.8,288,102,1,0,0,0,0,0,0,0,28,42.8
480,173,890,4.8,288,102,1,0,0,0,0,0,0,0,28,45.2
480,173,890,4.8,288,102,1,0,0,0,0,0,0,0,56,47.81
480,173,890,4.8,288,102,1,0,0,0,0,0,0,0,56,46.76
480,173,890,4.8,288,102,1,0,0,0,0,0,0,0,56,46.11
480,173,890,4.8,288,102,0,1,0,0,0,0,0,0,28,36.26
480,173,890,4.8,288,102,0,1,0,0,0,0,0,0,28,35.3
480,173,890,4.8,288,102,0,1,0,0,0,0,0,0,28,35.43
480,173,890,4.8,288,102,0,1,0,0,0,0,0,0,28,35.34
480,173,890,4.8,288,102,0,0,1,0,0,0,0,0,28,40.09
480,173,890,4.8,288,102,0,0,1,0,0,0,0,0,28,35.41
480,173,890,4.8,288,102,0,0,1,0,0,0,0,0,28,38.64
480,173,890,4.8,288,102,0,0,1,0,0,0,0,0,28,36.46
480,173,890,4.8,288,102,0,0,0,1,0,0,0,0,28,34.15
480,173,890,4.8,288,102,0,0,0,1,0,0,0,0,28,41.9
480,173,890,4.8,288,102,0,0,0,1,0,0,0,0,28,41.13
480,173,890,4.8,288,102,0,0,0,1,0,0,0,0,28,39.88
480,173,890,4.8,288,102,0,0,0,0,1,0,0,0,28,44.44
480,173,890,4.8,288,102,0,0,0,0,1,0,0,0,28,43.17
480,173,890,4.8,288,102,0,0,0,0,1,0,0,0,28,43.15
480,173,890,4.8,288,102,0,0,0,0,1,0,0,0,28,43.64
480,173,890,4.8,288,102,0,0,0,0,0,1,0,0,28,40.67
480,173,890,4.8,288,102,0,0,0,0,0,1,0,0,28,42.91
480,173,890,4.8,288,102,0,0,0,0,0,1,0,0,28,41.45
480,173,890,4.8,288,102,0,0,0,0,0,1,0,0,28,40.34
480,173,890,4.8,288,102,0,0,0,0,0,0,1,0,28,37.78
480,173,890,4.8,288,102,0,0,0,0,0,0,1,0,28,38.8
480,173,890,4.8,288,102,0,0,0,0,0,0,1,0,28,35.83
480,173,890,4.8,288,102,0,0,0,0,0,0,1,0,28,35.66
480,173,890,4.8,288,102,0,0,0,0,0,0,0,1,28,39.83
480,173,890,4.8,288,102,0,0,0,0,0,0,0,1,28,37.97
480,173,890,4.8,288,102,0,0,0,0,0,0,0,1,28,34.97
480,173,890,4.8,288,102,0,0,0,0,0,0,0,1,28,35.83
480,173,890,4.8,252,153,1,0,0,0,0,0,0,0,1,24
480,173,890,4.8,252,153,1,0,0,0,0,0,0,0,1,23.78
480,173,890,4.8,252,153,1,0,0,0,0,0,0,0,3,34.47
480,173,890,4.8,252,153,1,0,0,0,0,0,0,0,3,34.28
480,173,890,4.8,252,153,1,0,0,0,0,0,0,0,3,33.8
480,173,890,4.8,252,153,1,0,0,0,0,0,0,0,7,39.24
480,173,890,4.8,252,153,1,0,0,0,0,0,0,0,7,39.32
480,173,890,4.8,252,153,1,0,0,0,0,0,0,0,7,39.07
480,173,890,4.8,252,153,1,0,0,0,0,0,0,0,28,44.66
480,173,890,4.8,252,153,1,0,0,0,0,0,0,0,28,42.34
480,173,890,4.8,252,153,1,0,0,0,0,0,0,0,56,45.67
480,173,890,4.8,252,153,1,0,0,0,0,0,0,0,56,46.05
480,173,890,4.8,252,153,0,1,0,0,0,0,0,0,28,35.89
480,173,890,4.8,252,153,0,1,0,0,0,0,0,0,28,41.17
480,173,890,4.8,252,153,0,1,0,0,0,0,0,0,28,39.77
480,173,890,4.8,252,153,0,1,0,0,0,0,0,0,28,42.22
480,173,890,4.8,252,153,0,0,1,0,0,0,0,0,28,42.52
480,173,890,4.8,252,153,0,0,1,0,0,0,0,0,28,43.97
480,173,890,4.8,252,153,0,0,1,0,0,0,0,0,28,38.83
480,173,890,4.8,252,153,0,0,1,0,0,0,0,0,28,39.88
480,173,890,4.8,252,153,0,0,0,1,0,0,0,0,28,38.33
480,173,890,4.8,252,153,0,0,0,1,0,0,0,0,28,42.13
480,173,890,4.8,252,153,0,0,0,1,0,0,0,0,28,36.59
480,173,890,4.8,252,153,0,0,0,1,0,0,0,0,28,35.89
480,173,890,4.8,252,153,0,0,0,0,1,0,0,0,28,39.85
480,173,890,4.8,252,153,0,0,0,0,1,0,0,0,28,45.65
480,173,890,4.8,252,153,0,0,0,0,1,0,0,0,28,40.29
480,173,890,4.8,252,153,0,0,0,0,1,0,0,0,28,44.84
480,173,890,4.8,252,153,0,0,0,0,0,1,0,0,28,43.4
480,173,890,4.8,252,153,0,0,0,0,0,1,0,0,28,39.42
480,173,890,4.8,252,153,0,0,0,0,0,1,0,0,28,43.68
480,173,890,4.8,252,153,0,0,0,0,0,1,0,0,28,38.43
480,173,890,4.8,252,153,0,0,0,0,0,0,1,0,28,41.38
480,173,890,4.8,252,153,0,0,0,0,0,0,1,0,28,41.54
480,173,890,4.8,252,153,0,0,0,0,0,0,1,0,28,42.02
480,173,890,4.8,252,153,0,0,0,0,0,0,1,0,28,40.26
480,173,890,4.8,252,153,0,0,0,0,0,0,0,1,28,43.4
480,173,890,4.8,252,153,0,0,0,0,0,0,0,1,28,42.15
480,173,890,4.8,252,153,0,0,0,0,0,0,0,1,28,38.42
480,173,890,4.8,252,153,0,0,0,0,0,0,0,1,28,43.43
480,173,890,4.32,216,205,1,0,0,0,0,0,0,0,1,21.74
480,173,890,4.32,216,205,1,0,0,0,0,0,0,0,1,20.26
480,173,890,4.32,216,205,1,0,0,0,0,0,0,0,3,33.57
480,173,890,4.32,216,205,1,0,0,0,0,0,0,0,3,34.93
480,173,890,4.32,216,205,1,0,0,0,0,0,0,0,3,34.71
480,173,890,4.32,216,205,1,0,0,0,0,0,0,0,7,35.88
480,173,890,4.32,216,205,1,0,0,0,0,0,0,0,7,35.92
480,173,890,4.32,216,205,1,0,0,0,0,0,0,0,28,39.76
480,173,890,4.32,216,205,1,0,0,0,0,0,0,0,28,45.02
480,173,890,4.32,216,205,1,0,0,0,0,0,0,0,28,43
480,173,890,4.32,216,205,1,0,0,0,0,0,0,0,56,45.81
480,173,890,4.32,216,205,1,0,0,0,0,0,0,0,56,45.85
480,173,890,4.32,216,205,1,0,0,0,0,0,0,0,56,45.23
480,173,890,4.32,216,205,0,1,0,0,0,0,0,0,28,40.88
480,173,890,4.32,216,205,0,1,0,0,0,0,0,0,28,42.03
480,173,890,4.32,216,205,0,1,0,0,0,0,0,0,28,41.37
480,173,890,4.32,216,205,0,1,0,0,0,0,0,0,28,41.69
480,173,890,4.32,216,205,0,0,1,0,0,0,0,0,28,42.06
480,173,890,4.32,216,205,0,0,1,0,0,0,0,0,28,42.81
480,173,890,4.32,216,205,0,0,1,0,0,0,0,0,28,41.42
480,173,890,4.32,216,205,0,0,1,0,0,0,0,0,28,41.14
480,173,890,4.32,216,205,0,0,0,1,0,0,0,0,28,42.99
480,173,890,4.32,216,205,0,0,0,1,0,0,0,0,28,43.58
480,173,890,4.32,216,205,0,0,0,1,0,0,0,0,28,44.32
480,173,890,4.32,216,205,0,0,0,1,0,0,0,0,28,43
480,173,890,4.32,216,205,0,0,0,0,1,0,0,0,28,45.15
480,173,890,4.32,216,205,0,0,0,0,1,0,0,0,28,43.93
480,173,890,4.32,216,205,0,0,0,0,1,0,0,0,28,44.42
480,173,890,4.32,216,205,0,0,0,0,1,0,0,0,28,41.54
480,173,890,4.32,216,205,0,0,0,0,0,1,0,0,28,41.11
480,173,890,4.32,216,205,0,0,0,0,0,1,0,0,28,40.98
480,173,890,4.32,216,205,0,0,0,0,0,1,0,0,28,40.26
480,173,890,4.32,216,205,0,0,0,0,0,1,0,0,28,41.51
480,173,890,4.32,216,205,0,0,0,0,0,0,1,0,28,39.53
480,173,890,4.32,216,205,0,0,0,0,0,0,1,0,28,41.14
480,173,890,4.32,216,205,0,0,0,0,0,0,1,0,28,39.94
480,173,890,4.32,216,205,0,0,0,0,0,0,1,0,28,41.1
480,173,890,4.32,216,205,0,0,0,0,0,0,0,1,28,42.17
480,173,890,4.32,216,205,0,0,0,0,0,0,0,1,28,42.24
480,173,890,4.32,216,205,0,0,0,0,0,0,0,1,28,42.9
480,173,890,4.32,216,205,0,0,0,0,0,0,0,1,28,43.32
480,173,890,4.08,180,256,1,0,0,0,0,0,0,0,1,16.73
480,173,890,4.08,180,256,1,0,0,0,0,0,0,0,1,15.93
480,173,890,4.08,180,256,1,0,0,0,0,0,0,0,3,22.02
480,173,890,4.08,180,256,1,0,0,0,0,0,0,0,3,23.22
480,173,890,4.08,180,256,1,0,0,0,0,0,0,0,3,22.68
480,173,890,4.08,180,256,1,0,0,0,0,0,0,0,7,34.72
480,173,890,4.08,180,256,1,0,0,0,0,0,0,0,7,32.76
480,173,890,4.08,180,256,1,0,0,0,0,0,0,0,7,33.34
480,173,890,4.08,180,256,1,0,0,0,0,0,0,0,28,41.28
480,173,890,4.08,180,256,1,0,0,0,0,0,0,0,28,42.42
480,173,890,4.08,180,256,1,0,0,0,0,0,0,0,28,40.19
480,173,890,4.08,180,256,1,0,0,0,0,0,0,0,56,45.86
480,173,890,4.08,180,256,1,0,0,0,0,0,0,0,56,44.31
480,173,890,4.08,180,256,1,0,0,0,0,0,0,0,56,46
480,173,890,4.08,180,256,0,1,0,0,0,0,0,0,28,41.53
480,173,890,4.08,180,256,0,1,0,0,0,0,0,0,28,39.27
480,173,890,4.08,180,256,0,1,0,0,0,0,0,0,28,40.25
480,173,890,4.08,180,256,0,1,0,0,0,0,0,0,28,38.77
480,173,890,4.08,180,256,0,0,1,0,0,0,0,0,28,44
480,173,890,4.08,180,256,0,0,1,0,0,0,0,0,28,45.2
480,173,890,4.08,180,256,0,0,1,0,0,0,0,0,28,45.76
480,173,890,4.08,180,256,0,0,1,0,0,0,0,0,28,45.8
480,173,890,4.08,180,256,0,0,0,1,0,0,0,0,28,39.29
480,173,890,4.08,180,256,0,0,0,1,0,0,0,0,28,42.95
480,173,890,4.08,180,256,0,0,0,1,0,0,0,0,28,42.72
480,173,890,4.08,180,256,0,0,0,1,0,0,0,0,28,43.67
480,173,890,4.08,180,256,0,0,0,0,1,0,0,0,28,44.96
480,173,890,4.08,180,256,0,0,0,0,1,0,0,0,28,44.4
480,173,890,4.08,180,256,0,0,0,0,1,0,0,0,28,44.86
480,173,890,4.08,180,256,0,0,0,0,1,0,0,0,28,45
480,173,890,4.08,180,256,0,0,0,0,0,1,0,0,28,41.66
480,173,890,4.08,180,256,0,0,0,0,0,1,0,0,28,42.24
480,173,890,4.08,180,256,0,0,0,0,0,1,0,0,28,41.57
480,173,890,4.08,180,256,0,0,0,0,0,1,0,0,28,44.38
480,173,890,4.08,180,256,0,0,0,0,0,0,1,0,28,38.9
480,173,890,4.08,180,256,0,0,0,0,0,0,1,0,28,39.62
480,173,890,4.08,180,256,0,0,0,0,0,0,1,0,28,38.27
480,173,890,4.08,180,256,0,0,0,0,0,0,1,0,28,38.64
480,173,890,4.08,180,256,0,0,0,0,0,0,0,1,28,42.81
480,173,890,4.08,180,256,0,0,0,0,0,0,0,1,28,44.22
480,173,890,4.08,180,256,0,0,0,0,0,0,0,1,28,44.43
480,173,890,4.08,180,256,0,0,0,0,0,0,0,1,28,44.08
